{
    "slide_gen": [
        42.36717391014099
    ],
    "subtitle_cursor_prompt_gen": [
        14.253833293914795
    ],
    "tts": [
        2154.0079369544983
    ],
    "cursor_gen": [
        201.14180302619934
    ],
    "merge_and_tiktok": [
        180.82297015190125
    ]
}